Uniformity of Cell Size ,Uniformity of Cell Shape,Bland Chromatin,Class:
1,1,3,2
4,4,3,2
1,1,3,2
8,8,3,2
1,1,3,2
10,10,9,4
1,1,3,2
1,2,3,2
1,1,1,2
2,1,2,2
1,1,3,2
1,1,2,2
3,3,4,4
1,1,3,2
7,5,5,4
4,6,4,4
1,1,2,2
1,1,3,2
7,7,4,4
1,1,3,2
3,2,5,4
5,5,7,4
1,1,2,2
4,5,7,4
1,1,3,2
2,3,3,4
2,1,2,2
1,1,2,2
1,1,2,2
1,3,1,2
1,1,2,2
1,1,3,2
7,7,7,4
1,1,3,2
1,2,2,2
1,1,2,2
10,10,8,4
2,1,7,2
4,4,5,4
5,3,7,4
6,6,7,2
4,3,6,4
10,10,7,4
6,5,3,4
10,10,8,4
1,1,2,2
7,7,4,4
1,1,2,2
1,1,3,2
8,7,3,4
5,8,2,4
3,3,3,4
3,6,4,4
5,5,7,4
5,5,7,4
6,6,3,4
10,10,3,4
2,4,5,4
2,3,5,4
5,5,5,4
3,5,4,4
1,1,2,2
10,10,3,4
3,4,3,4
1,1,2,2
4,2,4,4
1,1,3,2
3,4,4,4
3,8,8,4
1,1,3,2
1,3,2,2
10,2,7,4
3,3,7,2
4,5,4,4
6,4,3,4
1,2,4,2
1,4,2,2
3,1,2,2
1,1,3,2
1,1,2,2
2,2,7,2
1,1,2,2
2,1,3,2
1,1,7,2
5,7,7,4
10,6,4,4
3,6,4,4
6,6,6,4
1,1,3,2
1,1,2,2
1,1,3,2
1,1,1,2
1,1,3,2
1,1,2,2
1,1,3,2
1,1,3,2
1,1,1,2
1,1,3,2
6,9,2,4
5,6,7,4
3,5,3,4
3,4,2,4
1,2,3,2
2,3,7,4
10,10,8,4
3,4,3,4
10,10,4,4
6,8,5,4
1,1,2,2
5,4,7,4
3,1,5,2
6,4,3,4
3,3,7,4
10,10,8,4
3,2,3,2
1,1,1,2
3,3,3,2
5,5,7,4
1,1,1,2
2,1,3,2
1,2,3,2
2,1,3,2
10,10,5,4
3,5,5,4
4,6,8,4
1,1,2,2
5,3,7,4
1,1,3,2
3,5,1,4
1,1,1,2
1,3,2,2
1,1,3,2
10,8,3,4
1,1,2,2
1,1,2,2
1,1,3,2
1,1,2,2
1,1,1,2
1,2,2,2
1,1,2,2
1,1,1,2
1,1,1,2
5,5,4,4
1,1,1,2
1,1,2,2
1,3,2,2
4,5,4,4
1,1,2,2
1,1,5,2
8,7,7,4
1,1,3,2
2,4,5,4
10,8,8,4
1,1,1,2
1,1,1,2
5,5,3,4
2,2,2,2
1,1,3,2
1,2,1,2
9,10,7,4
7,7,5,4
1,1,3,2
1,1,3,2
1,1,1,2
1,1,3,2
1,1,3,2
6,7,3,4
8,10,3,4
1,1,3,2
1,1,1,2
1,1,1,2
1,1,3,2
1,1,2,2
10,10,10,4
6,5,6,4
8,7,5,4
1,1,3,2
10,10,5,4
1,1,3,2
3,3,3,4
1,1,3,2
1,1,1,2
1,1,3,2
8,8,7,4
7,6,5,4
1,1,3,2
5,8,7,4
5,6,7,4
8,4,9,4
2,3,3,2
10,10,7,4
5,10,4,4
1,1,2,2
1,1,3,2
1,1,3,2
1,1,3,2
4,4,7,2
1,1,3,2
1,1,1,2
1,1,2,2
7,7,7,4
8,8,8,4
1,1,3,2
1,1,3,2
1,1,3,2
10,10,7,4
10,9,3,4
1,1,3,2
1,1,3,2
1,1,3,2
10,10,8,4
10,8,7,4
1,1,3,2
10,10,7,4
10,10,10,4
7,8,5,4
1,1,2,2
1,1,3,2
10,7,8,4
1,3,3,2
1,1,3,2
6,4,9,4
1,1,2,4
5,6,7,4
5,5,7,4
1,1,2,2
5,7,8,4
9,9,7,4
1,1,3,2
10,10,9,4
4,7,7,4
8,7,8,4
4,6,4,2
4,5,4,4
3,2,3,2
1,4,3,2
8,8,4,4
8,8,4,4
10,10,3,4
4,3,5,4
1,3,2,2
1,1,3,2
1,1,3,2
1,1,5,2
1,1,3,2
1,1,3,2
10,10,7,4
4,4,3,4
1,1,3,2
1,1,3,2
2,2,1,2
4,4,5,4
3,3,3,2
10,10,7,4
10,10,3,4
6,6,3,4
1,1,1,2
1,1,2,2
1,1,3,2
7,7,3,2
5,8,5,4
10,10,10,4
8,9,7,4
4,4,5,4
9,4,5,4
1,4,3,2
10,6,4,4
3,5,7,4
8,8,8,4
1,1,3,2
4,7,3,4
1,1,3,2
3,5,7,4
2,4,3,4
1,1,3,2
1,3,2,2
1,1,2,2
1,1,2,2
1,1,3,2
5,7,3,4
1,1,3,2
1,1,3,2
4,3,5,4
4,6,5,4
4,5,3,4
10,10,10,4
10,10,4,4
1,1,2,2
1,3,5,4
6,6,4,4
1,1,1,2
1,1,3,2
8,8,6,4
4,4,2,4
1,1,2,2
5,7,7,4
3,4,4,2
4,3,2,2
2,1,1,2
1,2,7,4
4,10,7,4
1,1,3,2
10,10,7,4
1,1,3,2
3,4,3,4
8,4,3,4
1,1,3,2
1,1,3,2
8,7,8,4
1,1,5,2
1,1,2,2
1,1,1,2
6,4,3,4
1,1,1,2
1,1,2,2
6,5,4,2
5,5,4,4
8,7,8,4
1,1,3,2
4,4,7,2
6,3,7,4
1,1,3,2
1,1,3,2
4,6,4,4
1,1,3,2
2,2,2,2
1,1,5,4
1,1,2,2
10,3,3,4
4,6,7,4
4,7,6,4
1,1,3,2
2,2,2,2
4,6,4,4
6,7,3,4
1,1,1,2
5,5,3,4
1,1,3,2
1,1,2,2
5,5,4,4
3,3,7,4
1,1,3,2
1,1,1,2
1,1,1,2
6,4,9,4
1,1,1,2
2,2,1,2
1,1,1,2
4,4,3,4
2,3,7,4
1,1,1,2
1,1,3,2
4,5,4,2
7,10,4,4
1,1,2,2
1,1,2,2
3,3,3,4
10,10,7,4
10,5,4,4
3,5,3,4
10,10,8,4
10,3,5,4
2,2,2,2
4,4,2,2
1,1,3,2
1,1,2,2
10,10,7,4
8,8,8,4
1,3,1,2
1,3,2,2
3,2,2,2
1,3,1,2
1,2,2,2
1,1,2,2
1,2,2,2
1,1,1,2
1,1,2,2
1,1,2,2
1,1,2,2
3,4,3,2
1,1,1,2
6,3,7,4
2,2,3,2
1,1,1,2
1,1,1,2
3,2,1,2
6,6,7,4
3,3,3,2
1,1,2,2
1,1,2,2
1,1,2,2
8,7,7,4
1,1,2,2
1,1,1,2
2,3,2,2
1,1,2,2
1,1,3,2
1,1,1,2
2,1,2,2
2,3,1,2
10,8,9,4
1,1,1,2
3,3,2,2
1,1,1,2
2,1,1,2
1,1,2,2
2,2,2,2
1,1,2,2
3,2,3,2
1,2,2,2
1,1,2,2
1,1,2,2
10,10,8,4
1,2,3,2
5,6,6,4
3,2,3,2
7,8,7,4
1,1,2,2
2,2,3,2
3,1,1,2
2,2,3,2
10,10,8,4
3,3,3,2
1,3,2,2
1,1,1,2
10,10,10,4
3,6,1,2
7,8,5,4
1,1,2,2
1,1,2,2
3,1,2,2
1,1,3,2
1,1,2,2
2,2,1,2
9,7,4,2
8,10,5,4
10,10,2,4
1,1,1,2
1,3,1,2
1,1,1,2
4,3,10,4
2,2,1,2
1,1,1,2
1,1,1,2
1,1,2,2
1,1,1,2
1,1,1,2
1,1,1,2
1,1,1,2
7,9,8,4
1,1,2,2
1,1,1,2
1,1,1,2
5,5,10,4
3,1,1,2
2,2,1,4
6,5,8,4
8,9,10,4
1,2,1,2
1,3,1,2
1,1,1,2
1,1,1,2
1,1,1,2
1,1,1,2
1,1,1,2
9,8,7,4
6,6,9,4
6,6,7,4
1,1,1,2
1,2,2,2
1,1,2,2
1,1,1,2
1,1,1,2
1,1,1,2
1,1,1,2
1,1,1,2
1,2,1,2
1,1,1,2
2,1,1,2
8,7,7,4
1,1,1,2
3,2,1,2
10,10,10,4
7,8,9,4
1,2,1,2
1,1,1,2
1,1,2,2
10,10,8,4
6,4,3,4
3,2,4,4
1,1,1,2
8,9,7,4
1,1,2,2
10,10,6,4
1,2,2,2
1,1,2,2
1,1,1,2
2,1,1,2
1,1,2,2
1,1,2,2
1,1,3,2
1,1,2,2
1,1,2,2
1,1,3,2
1,1,1,2
3,1,1,2
10,10,4,4
1,1,1,2
1,1,1,2
1,1,1,2
1,1,1,2
1,1,2,2
1,1,1,2
1,1,2,2
6,7,8,4
10,4,9,4
1,1,1,2
1,1,2,2
1,2,1,2
7,8,9,4
1,1,1,2
1,1,1,2
4,5,7,4
5,6,5,4
1,1,2,2
1,1,1,2
1,1,1,2
1,1,3,2
1,3,1,2
1,1,2,2
4,4,6,4
2,2,2,2
1,1,3,2
1,1,2,2
1,1,2,2
1,3,3,2
1,1,3,2
1,2,3,2
1,1,2,2
1,1,2,2
1,1,2,2
1,1,1,2
3,1,1,2
1,1,2,2
1,3,2,2
1,1,2,2
10,10,7,4
1,1,1,2
1,1,1,2
8,3,7,4
1,1,2,2
1,1,3,2
2,2,4,2
4,2,2,2
1,1,1,2
3,1,4,2
2,2,2,2
1,1,1,2
1,1,2,2
1,1,2,2
1,1,3,2
1,1,3,2
1,1,3,2
1,1,2,2
1,1,3,2
7,10,10,4
1,2,3,2
1,1,2,2
4,4,2,4
10,8,10,4
10,4,8,4
6,10,9,4
1,1,2,2
1,1,2,2
9,7,7,4
1,2,3,2
1,1,2,2
1,1,2,2
1,1,2,2
1,1,3,2
1,2,2,2
7,10,7,4
10,5,6,4
1,1,1,2
1,1,1,2
1,1,1,2
10,10,10,4
1,1,2,2
8,8,4,4
1,1,1,2
10,8,10,4
5,7,7,4
3,4,4,4
1,2,1,2
8,6,7,4
1,1,2,2
1,2,2,2
1,3,3,2
1,1,2,2
2,4,1,2
1,1,2,2
1,1,2,2
1,1,2,2
4,6,8,4
3,2,8,4
5,10,7,4
1,1,1,2
1,1,1,2
10,10,10,4
1,1,1,2
4,3,7,4
10,10,8,4
10,10,10,4
3,1,2,2
1,1,2,2
1,3,2,2
1,1,2,2
1,1,1,2
1,1,2,2
1,1,2,2
1,1,2,2
3,3,6,2
1,2,2,2
1,1,1,2
1,1,2,2
1,3,1,2
6,6,7,4
1,1,1,2
1,1,1,2
1,1,1,2
2,3,1,2
1,1,2,2
1,1,1,2
7,4,5,4
1,1,1,2
1,4,1,2
10,7,10,4
2,4,2,2
1,1,1,2
1,1,1,2
1,1,1,2
1,1,2,2
1,1,2,2
1,1,1,2
1,1,1,2
1,1,2,2
2,2,1,2
1,1,1,2
10,10,10,4
1,1,2,2
1,1,1,2
2,1,2,2
1,1,2,2
1,1,2,2
1,1,3,2
1,1,2,2
1,1,2,2
4,5,3,2
8,8,7,4
1,1,1,2
1,1,2,2
1,1,3,2
1,3,2,2
1,3,2,2
1,1,2,2
1,1,1,2
2,2,1,2
1,1,3,2
7,4,7,4
10,10,7,4
10,7,7,4
2,1,3,2
1,1,3,2
3,2,1,2
1,1,2,2
1,4,1,2
1,2,2,2
1,1,1,2
1,1,1,2
1,1,1,2
10,10,10,4
10,10,5,4
1,1,3,2
1,1,1,2
1,1,1,2
1,1,1,2
1,1,1,2
1,1,2,2
1,1,1,2
1,1,1,2
1,1,1,2
10,10,4,4
1,1,1,2
1,1,2,2
1,1,1,2
1,1,1,2
10,10,8,4
8,6,10,4
8,8,10,4
